variant,class_id,class_name,instances,precision,recall,f1,map50,map75,map50_95
baseline,0,HM,2,1.0,0.8226434866501726,0.9026927017549713,0.995,0.8283333333333331,0.7783333333333333
baseline,1,LQS,5,0.9450093732615715,1.0,0.9717273204466798,0.995,0.995,0.8699999999999999
baseline,2,QHS,97,0.6539120589578326,0.7207218090553739,0.6856933952549547,0.7496380130856297,0.6533253369549854,0.524823954050335
baseline,3,MS,298,0.865153455536261,0.7718120805369127,0.8158215598147971,0.8422712989392207,0.6348529403076828,0.5569630076819114
baseline,4,A1_SU-35,209,0.9727292561874088,0.9952153110047847,0.9838438189356385,0.9904778325123154,0.9793668862081788,0.8513819716548501
baseline,5,A2_C-130,192,0.9715931110793083,1.0,0.9855919110484511,0.9944830349986642,0.9931797388915692,0.807672586926721
baseline,6,A3_C-17,153,0.9854128961085953,1.0,0.9926528613166584,0.995,0.9935543403964455,0.8374640728143905
baseline,7,A4_C-5,76,0.929968584991274,0.881578947368421,0.9051274797900499,0.9737657802281457,0.9737657802281457,0.8501423205471946
baseline,8,A5_F-16,164,1.0,0.8424653027667783,0.9144978757555672,0.9291875115356127,0.8129944165309643,0.6713263274077185
baseline,9,A6_TU-160,50,0.9833089354850254,1.0,0.9915842336933288,0.995,0.995,0.8527920686005294
baseline,10,A7_E-3,83,0.9861446099995449,0.9759036144578314,0.9809973855691754,0.975,0.975,0.837355158201175
baseline,11,A8_B-52,110,0.9851422468789369,1.0,0.9925155221776059,0.995,0.995,0.8466215225193159
baseline,12,A9_P-3C,133,0.9925289732941269,0.9988824214130169,0.99569556225464,0.994776119402985,0.9940871225269003,0.7909612582005019
baseline,13,A10_B-1B,111,0.9921642752009263,0.990990990990991,0.9915772860238306,0.995,0.9936396103896104,0.8368924177394923
baseline,14,A11_E-8,65,0.9126027430358326,0.9692307692307692,0.9400647324739729,0.9464416823240352,0.9464416823240352,0.8325897632080288
baseline,15,A12_TU-22,88,0.9870707469526377,0.9772727272727273,0.9821473011647671,0.9944456105692061,0.9223081281720819,0.8226664620828916
baseline,16,A13_F-15,222,0.9780269504105212,0.9009009009009009,0.9378809943289949,0.957827197207423,0.9415168227860601,0.7453981977418016
baseline,17,A14_KC-135,211,0.9583517031342866,0.9715639810426541,0.9649126162040033,0.9802085783479413,0.9802085783479413,0.809802637020234
baseline,18,A15_F-22,73,0.763618512134819,1.0,0.8659679027869543,0.9604000763363062,0.901995050088334,0.7440283962410109
baseline,19,A16_FA-18,316,0.976072177715048,0.9841772151898734,0.9801079405150004,0.9944671353774533,0.9887388246456348,0.7956159258951235
baseline,20,A17_TU-95,165,0.988400172086146,1.0,0.9941662507996647,0.995,0.9684602545012386,0.8601434044670828
baseline,21,A18_KC-10,38,0.9443156198515207,0.8926010659594227,0.9177303852618516,0.9861019948519949,0.9861019948519949,0.8281669687203961
baseline,22,A19_SU-34,153,0.9865629105839034,0.9597558960661404,0.9729747943018494,0.9923134245682632,0.9065511249041895,0.7552572971275542
baseline,23,A20_SU-24,134,0.9342801038172942,0.8955223880597015,0.9144907752627242,0.9658987425978639,0.940963336198538,0.8231203618582574
baseline,24,FSC,77,0.7836128730851809,0.6883116883116883,0.7328770968318742,0.7609502037747784,0.24763880972322588,0.3250108470119252
gcd-loss,0,HM,2,1.0,0.6547658818470918,0.791369811318838,0.995,0.637857142857143,0.6629047619047619
gcd-loss,1,LQS,5,0.8734773671962971,1.0,0.9324664204547893,0.995,0.995,0.8723863636363637
gcd-loss,2,QHS,97,0.6466752330446255,0.8247422680412371,0.7249341509037789,0.7336122131452707,0.6385791735764283,0.5249469582246165
gcd-loss,3,MS,298,0.8150741610852201,0.8430612303545606,0.8288315038955283,0.860846356079853,0.6864024240677389,0.587044444683287
gcd-loss,4,A1_SU-35,209,0.9765831600685014,0.9952153110047847,0.9858112049763182,0.9931249999999998,0.9897392575517928,0.8341604390670426
gcd-loss,5,A2_C-130,192,0.9544226930058918,0.9816039139975772,0.9678224954901281,0.9897877027163767,0.9897877027163767,0.8114976770614323
gcd-loss,6,A3_C-17,153,0.9831805081905578,1.0,0.9915189304554086,0.995,0.995,0.8233112248652841
gcd-loss,7,A4_C-5,76,0.8419883093051894,0.9868421052631579,0.9086785840203963,0.9857338415903715,0.9857338415903715,0.8621860510313015
gcd-loss,8,A5_F-16,164,0.9950857175928344,0.8841463414634146,0.936341408622028,0.9901205606202831,0.892415375733971,0.7017633840393006
gcd-loss,9,A6_TU-160,50,0.9809088799412476,1.0,0.9903624441022655,0.995,0.995,0.8476204589371982
gcd-loss,10,A7_E-3,83,0.9637136675246335,0.959980807922311,0.9618436159839007,0.9882097985955122,0.9821068574190416,0.8506655005975929
gcd-loss,11,A8_B-52,110,0.9928729008966101,1.0,0.996423706147952,0.995,0.995,0.8326952389136941
gcd-loss,12,A9_P-3C,133,0.9693774113512612,1.0,0.9844506246125126,0.9831892854011944,0.9831892854011944,0.788856430605944
gcd-loss,13,A10_B-1B,111,0.9909406887695078,0.9854577466278375,0.9881916122852118,0.9949099099099098,0.9840858748656913,0.8211549209289097
gcd-loss,14,A11_E-8,65,0.9135925255150816,0.9692307692307692,0.9405895802749654,0.9619758420436326,0.9619758420436326,0.8293213294837797
gcd-loss,15,A12_TU-22,88,0.9558682704007531,0.9845486777902487,0.9699965181628355,0.9936121636983706,0.9695567475841991,0.8544317699502578
gcd-loss,16,A13_F-15,222,0.887891264902932,0.9369369369369369,0.9117550038216866,0.9733966174837393,0.9733966174837393,0.7558579879588903
gcd-loss,17,A14_KC-135,211,0.9154760444704745,0.976303317535545,0.9449117770193737,0.9738090919706734,0.9738090919706734,0.7923932101348325
gcd-loss,18,A15_F-22,73,0.8619114013801592,1.0,0.9258350324738968,0.9891891891891891,0.9460024191681802,0.7966945192624355
gcd-loss,19,A16_FA-18,316,0.9734682492985103,1.0,0.9865557752393935,0.9949050632911393,0.9949050632911393,0.813150109628286
gcd-loss,20,A17_TU-95,165,0.9643423926329786,0.9939393939393939,0.9789172322961444,0.9945782251473309,0.9592867483483786,0.8545803417905752
gcd-loss,21,A18_KC-10,38,1.0,0.8965755092583887,0.9454677706019451,0.9919981238273922,0.9919981238273922,0.8111273367733316
gcd-loss,22,A19_SU-34,153,0.9545113306186009,1.0,0.9767263209638176,0.9888586637605836,0.8934882874585941,0.7607423647345453
gcd-loss,23,A20_SU-24,134,0.8543212588099057,0.9552238805970149,0.9019593381178561,0.9740037486246167,0.9391831280414616,0.8163704560018203
gcd-loss,24,FSC,77,0.7329394271944281,0.7532467532467533,0.7429543500355377,0.7739887662075744,0.28814489305829705,0.3313586011322519
gcd-assigner,0,HM,2,1.0,0.6887774042582876,0.8157112980331462,0.995,0.5574999999999999,0.7142499999999999
gcd-assigner,1,LQS,5,0.9526557424950646,1.0,0.9757539147968602,0.995,0.995,0.8255000000000001
gcd-assigner,2,QHS,97,0.7067922799151825,0.7835051546391752,0.7431743244439191,0.785603288866555,0.678961456870054,0.5442676513227418
gcd-assigner,3,MS,298,0.8735038457834354,0.7878641186556873,0.82847671597286,0.8478768799440477,0.64251530788518,0.5486862302446345
gcd-assigner,4,A1_SU-35,209,0.9856715407545851,0.9952153110047847,0.9904204352806742,0.9931509872241578,0.9741737849855572,0.8374612319016317
gcd-assigner,5,A2_C-130,192,0.9804896639427032,0.9739583333333334,0.9772130855107342,0.9935017542111556,0.9935017542111556,0.801365126160605
gcd-assigner,6,A3_C-17,153,0.9941362189204846,0.9738562091503268,0.9838917220692753,0.9946748726655349,0.9928291477052562,0.8240013053636925
gcd-assigner,7,A4_C-5,76,0.9677807166988733,0.8947368421052632,0.9298264687131229,0.9845285767492453,0.9838762784467467,0.8407320459702706
gcd-assigner,8,A5_F-16,164,1.0,0.868558041800472,0.929655940431545,0.8997756703342084,0.8478426560250019,0.6580129707843205
gcd-assigner,9,A6_TU-160,50,0.9925213939863213,1.0,0.9962466621255611,0.995,0.995,0.8653401595633511
gcd-assigner,10,A7_E-3,83,0.9952423133359581,0.963855421686747,0.9792974413191344,0.9822135815991236,0.9822135815991236,0.8580508313004891
gcd-assigner,11,A8_B-52,110,0.9973142605465383,1.0,0.998655324549314,0.995,0.995,0.8493419192864436
gcd-assigner,12,A9_P-3C,133,0.9879605744942211,1.0,0.9939438308484352,0.9948507462686567,0.9948507462686567,0.8058677966169728
gcd-assigner,13,A10_B-1B,111,0.9909546903321588,0.9869979185194472,0.9889723467872055,0.9949099099099098,0.9925359844703028,0.8231295285118081
gcd-assigner,14,A11_E-8,65,0.9150776888992481,0.9692307692307692,0.9413760772457724,0.9604809449278601,0.9604809449278601,0.829716289366571
gcd-assigner,15,A12_TU-22,88,0.9967868884771924,1.0,0.9983908590639545,0.995,0.9676066217732882,0.8521098744764956
gcd-assigner,16,A13_F-15,222,0.9639687939190561,0.9144144144144144,0.9385379472033437,0.9301883062581463,0.9138067770355172,0.7220232812040874
gcd-assigner,17,A14_KC-135,211,0.9717256050251876,0.9620853080568721,0.9668814274787755,0.969393248060577,0.969393248060577,0.8004080803463639
gcd-assigner,18,A15_F-22,73,0.8338276321102108,1.0,0.9093849580079824,0.9785266214177982,0.9663207202111614,0.7646605489529859
gcd-assigner,19,A16_FA-18,316,0.9968130116697635,0.9897987750876698,0.9932935106084246,0.9949363057324841,0.9942578291511343,0.7970555908378714
gcd-assigner,20,A17_TU-95,165,0.9938673053275503,0.9821867031277258,0.987992481773503,0.9947575757575756,0.9892978296357751,0.8644843963453109
gcd-assigner,21,A18_KC-10,38,1.0,0.8905683505694855,0.9421170626295785,0.9639048708728343,0.9639048708728343,0.8111433372368897
gcd-assigner,22,A19_SU-34,153,0.9569647544221946,0.9477124183006536,0.9523161138592773,0.9872223770615111,0.917289048535755,0.7522617079275927
gcd-assigner,23,A20_SU-24,134,0.8929219589811817,0.9334723732778734,0.9127470070180503,0.9772260527724833,0.9534499676414228,0.819987100149379
gcd-assigner,24,FSC,77,0.8146474374083152,0.6279243546935488,0.7092013988323549,0.7364769227241641,0.2498284066711317,0.31982758005013817
gcd-both,0,HM,2,0.7942287654452291,1.0,0.8853149394783504,0.995,0.995,0.9949999999999999
gcd-both,1,LQS,5,0.7844379587562014,1.0,0.8791989151620319,0.9616666666666666,0.9616666666666666,0.8049999999999999
gcd-both,2,QHS,97,0.6507716630210745,0.8144329896907216,0.7234619548051746,0.7636096534662193,0.6030313995267149,0.5197470289251328
gcd-both,3,MS,298,0.8640131605016937,0.7888773123720089,0.8247375020869908,0.8489890153237839,0.6639894469238934,0.5749039276479955
gcd-both,4,A1_SU-35,209,0.9886752282273922,0.9904306220095693,0.98955214663376,0.991730769230769,0.9766467854245946,0.8414119498250848
gcd-both,5,A2_C-130,192,1.0,0.9939330952231298,0.9969573177799171,0.995,0.9934985135099581,0.8082104804459183
gcd-both,6,A3_C-17,153,0.9993226875075206,1.0,0.9996612290268543,0.995,0.995,0.8363821278920215
gcd-both,7,A4_C-5,76,0.9792773568564157,0.9473684210526315,0.9630586524778956,0.9882542026721496,0.9786754970063034,0.8565531081590253
gcd-both,8,A5_F-16,164,0.9975074928891067,0.8719512195121951,0.930513061483971,0.9311585752644425,0.8478841477736881,0.6591943425450753
gcd-both,9,A6_TU-160,50,0.967077720797223,1.0,0.9832633561680348,0.995,0.995,0.8495455102524148
gcd-both,10,A7_E-3,83,1.0,0.962367375118118,0.9808228442038704,0.9941801834274501,0.9941801834274501,0.856994214939206
gcd-both,11,A8_B-52,110,0.9799357994435874,1.0,0.9898662367931065,0.995,0.995,0.845047556679584
gcd-both,12,A9_P-3C,133,0.9872576825078361,1.0,0.9935879893159685,0.995,0.995,0.8057949356005982
gcd-both,13,A10_B-1B,111,1.0,0.9997616684803418,0.9998808200380002,0.995,0.9942792792792792,0.8197692696571235
gcd-both,14,A11_E-8,65,0.914545829576502,0.9384615384615385,0.9263493508141611,0.9255668935093304,0.9026725130185018,0.78479450253674
gcd-both,15,A12_TU-22,88,1.0,0.9805963362427287,0.9902031204429668,0.9947777777777779,0.984551724137931,0.8506644429835024
gcd-both,16,A13_F-15,222,0.8884654851885219,0.9234234234234234,0.905607221311216,0.9612222548927988,0.9512294873377887,0.7421909412013987
gcd-both,17,A14_KC-135,211,0.9708233751076495,0.976303317535545,0.973555635018289,0.9744178478167069,0.9742305614096889,0.7934996197272618
gcd-both,18,A15_F-22,73,0.9599689999141399,0.9855157512487509,0.9725746445048172,0.9843077502535131,0.9291973266518685,0.7774930820520126
gcd-both,19,A16_FA-18,316,0.9857342769255341,0.9873417721518988,0.9865373697132463,0.9945538370530763,0.9932684846025698,0.8036762561332174
gcd-both,20,A17_TU-95,165,0.9821225623042579,0.9988497131480029,0.9904155164512098,0.9948214285714286,0.9782403085746596,0.851902522828658
gcd-both,21,A18_KC-10,38,0.9733935965133533,0.9629314920467054,0.9681342805265621,0.9862820512820516,0.9862820512820516,0.812704315226302
gcd-both,22,A19_SU-34,153,0.9806344247620133,0.9869281045751634,0.9837711988117224,0.9907195103487016,0.9408754967906363,0.7736031260984226
gcd-both,23,A20_SU-24,134,0.9212357695967082,0.9477611940298507,0.9343102530052473,0.9848621197017697,0.9569477459051802,0.7703937413824284
gcd-both,24,FSC,77,0.8172847131893066,0.6971335709763261,0.75244285752127,0.776435110321947,0.30552051027148963,0.32686936400388433
